season,driver_id,driver_code,driver_name,constructor,points,wins,position,is_champion,total_races,win_rate,points_per_race
2000,michael_schumacher,MSC,Michael Schumacher,Ferrari,108.0,9,1,1,17,0.5294117647058824,6.352941176470588
2000,hakkinen,0,Mika Häkkinen,McLaren,89.0,4,2,0,17,0.23529411764705882,5.235294117647059
2000,coulthard,COU,David Coulthard,McLaren,73.0,3,3,0,17,0.17647058823529413,4.294117647058823
2000,barrichello,BAR,Rubens Barrichello,Ferrari,62.0,1,4,0,17,0.058823529411764705,3.6470588235294117
2000,ralf_schumacher,SCH,Ralf Schumacher,Williams,24.0,0,5,0,17,0.0,1.411764705882353
2000,fisichella,FIS,Giancarlo Fisichella,Benetton,18.0,0,6,0,17,0.0,1.0588235294117647
2000,villeneuve,VIL,Jacques Villeneuve,BAR,17.0,0,7,0,17,0.0,1.0
2000,button,BUT,Jenson Button,Williams,12.0,0,8,0,17,0.0,0.7058823529411765
2000,frentzen,0,Heinz-Harald Frentzen,Jordan,11.0,0,9,0,17,0.0,0.6470588235294118
2000,trulli,TRU,Jarno Trulli,Jordan,6.0,0,10,0,17,0.0,0.35294117647058826
2000,salo,0,Mika Salo,Sauber,6.0,0,11,0,17,0.0,0.35294117647058826
2000,verstappen,0,Jos Verstappen,Arrows,5.0,0,12,0,17,0.0,0.29411764705882354
2000,irvine,0,Eddie Irvine,Jaguar,4.0,0,13,0,17,0.0,0.23529411764705882
2000,zonta,ZON,Ricardo Zonta,BAR,3.0,0,14,0,17,0.0,0.17647058823529413
2000,wurz,WUR,Alexander Wurz,Benetton,2.0,0,15,0,17,0.0,0.11764705882352941
2000,rosa,DLR,Pedro de la Rosa,Arrows,2.0,0,16,0,17,0.0,0.11764705882352941
2000,herbert,0,Johnny Herbert,Jaguar,0.0,0,0,0,17,0.0,0.0
2000,diniz,0,Pedro Diniz,Sauber,0.0,0,0,0,17,0.0,0.0
2000,gene,0,Marc Gené,Minardi,0.0,0,0,0,17,0.0,0.0
2000,heidfeld,HEI,Nick Heidfeld,Prost,0.0,0,0,0,17,0.0,0.0
2000,mazzacane,0,Gastón Mazzacane,Minardi,0.0,0,0,0,17,0.0,0.0
2000,alesi,0,Jean Alesi,Prost,0.0,0,0,0,17,0.0,0.0
2000,burti,0,Luciano Burti,Jaguar,0.0,0,0,0,17,0.0,0.0
2001,michael_schumacher,MSC,Michael Schumacher,Ferrari,123.0,9,1,1,17,0.5294117647058824,7.235294117647059
2001,coulthard,COU,David Coulthard,McLaren,65.0,2,2,0,17,0.11764705882352941,3.823529411764706
2001,barrichello,BAR,Rubens Barrichello,Ferrari,56.0,0,3,0,17,0.0,3.2941176470588234
2001,ralf_schumacher,SCH,Ralf Schumacher,Williams,49.0,3,4,0,17,0.17647058823529413,2.8823529411764706
2001,hakkinen,0,Mika Häkkinen,McLaren,37.0,2,5,0,17,0.11764705882352941,2.176470588235294
2001,montoya,MON,Juan Pablo Montoya,Williams,31.0,1,6,0,17,0.058823529411764705,1.8235294117647058
2001,villeneuve,VIL,Jacques Villeneuve,BAR,12.0,0,7,0,17,0.0,0.7058823529411765
2001,heidfeld,HEI,Nick Heidfeld,Sauber,12.0,0,8,0,17,0.0,0.7058823529411765
2001,trulli,TRU,Jarno Trulli,Jordan,12.0,0,9,0,17,0.0,0.7058823529411765
2001,raikkonen,RAI,Kimi Räikkönen,Sauber,9.0,0,10,0,17,0.0,0.5294117647058824
2001,fisichella,FIS,Giancarlo Fisichella,Benetton,8.0,0,11,0,17,0.0,0.47058823529411764
2001,irvine,0,Eddie Irvine,Jaguar,6.0,0,12,0,17,0.0,0.35294117647058826
2001,frentzen,0,Heinz-Harald Frentzen,Jordan,6.0,0,13,0,17,0.0,0.35294117647058826
2001,panis,0,Olivier Panis,BAR,5.0,0,14,0,17,0.0,0.29411764705882354
2001,alesi,0,Jean Alesi,Prost,5.0,0,15,0,17,0.0,0.29411764705882354
2001,rosa,DLR,Pedro de la Rosa,Jaguar,3.0,0,16,0,17,0.0,0.17647058823529413
2001,button,BUT,Jenson Button,Benetton,2.0,0,17,0,17,0.0,0.11764705882352941
2001,verstappen,0,Jos Verstappen,Arrows,1.0,0,18,0,17,0.0,0.058823529411764705
2001,zonta,ZON,Ricardo Zonta,Jordan,0.0,0,0,0,17,0.0,0.0
2001,burti,0,Luciano Burti,Jaguar,0.0,0,0,0,17,0.0,0.0
2001,bernoldi,0,Enrique Bernoldi,Arrows,0.0,0,0,0,17,0.0,0.0
2001,marques,0,Tarso Marques,Minardi,0.0,0,0,0,17,0.0,0.0
2001,alonso,ALO,Fernando Alonso,Minardi,0.0,0,0,0,17,0.0,0.0
2001,enge,0,Tomáš Enge,Prost,0.0,0,0,0,17,0.0,0.0
2001,mazzacane,0,Gastón Mazzacane,Prost,0.0,0,0,0,17,0.0,0.0
2001,yoong,0,Alex Yoong,Minardi,0.0,0,0,0,17,0.0,0.0
2002,michael_schumacher,MSC,Michael Schumacher,Ferrari,144.0,11,1,1,17,0.6470588235294118,8.470588235294118
2002,barrichello,BAR,Rubens Barrichello,Ferrari,77.0,4,2,0,17,0.23529411764705882,4.529411764705882
2002,montoya,MON,Juan Pablo Montoya,Williams,50.0,0,3,0,17,0.0,2.9411764705882355
2002,ralf_schumacher,SCH,Ralf Schumacher,Williams,42.0,1,4,0,17,0.058823529411764705,2.4705882352941178
2002,coulthard,COU,David Coulthard,McLaren,41.0,1,5,0,17,0.058823529411764705,2.411764705882353
2002,raikkonen,RAI,Kimi Räikkönen,McLaren,24.0,0,6,0,17,0.0,1.411764705882353
2002,button,BUT,Jenson Button,Renault,14.0,0,7,0,17,0.0,0.8235294117647058
2002,trulli,TRU,Jarno Trulli,Renault,9.0,0,8,0,17,0.0,0.5294117647058824
2002,irvine,0,Eddie Irvine,Jaguar,8.0,0,9,0,17,0.0,0.47058823529411764
2002,heidfeld,HEI,Nick Heidfeld,Sauber,7.0,0,10,0,17,0.0,0.4117647058823529
2002,fisichella,FIS,Giancarlo Fisichella,Jordan,7.0,0,11,0,17,0.0,0.4117647058823529
2002,villeneuve,VIL,Jacques Villeneuve,BAR,4.0,0,12,0,17,0.0,0.23529411764705882
2002,massa,MAS,Felipe Massa,Sauber,4.0,0,13,0,17,0.0,0.23529411764705882
2002,panis,0,Olivier Panis,BAR,3.0,0,14,0,17,0.0,0.17647058823529413
2002,sato,SAT,Takuma Sato,Jordan,2.0,0,15,0,17,0.0,0.11764705882352941
2002,webber,WEB,Mark Webber,Minardi,2.0,0,16,0,17,0.0,0.11764705882352941
2002,salo,0,Mika Salo,Toyota,2.0,0,17,0,17,0.0,0.11764705882352941
2002,frentzen,0,Heinz-Harald Frentzen,Arrows,2.0,0,18,0,17,0.0,0.11764705882352941
2002,mcnish,0,Allan McNish,Toyota,0.0,0,19,0,17,0.0,0.0
2002,yoong,0,Alex Yoong,Minardi,0.0,0,20,0,17,0.0,0.0
2002,rosa,DLR,Pedro de la Rosa,Jaguar,0.0,0,21,0,17,0.0,0.0
2002,bernoldi,0,Enrique Bernoldi,Arrows,0.0,0,22,0,17,0.0,0.0
2002,davidson,DAV,Anthony Davidson,Minardi,0.0,0,0,0,17,0.0,0.0
2003,michael_schumacher,MSC,Michael Schumacher,Ferrari,93.0,6,1,1,16,0.375,5.8125
2003,raikkonen,RAI,Kimi Räikkönen,McLaren,91.0,1,2,0,16,0.0625,5.6875
2003,montoya,MON,Juan Pablo Montoya,Williams,82.0,2,3,0,16,0.125,5.125
2003,barrichello,BAR,Rubens Barrichello,Ferrari,65.0,2,4,0,16,0.125,4.0625
2003,ralf_schumacher,SCH,Ralf Schumacher,Williams,58.0,2,5,0,16,0.125,3.625
2003,alonso,ALO,Fernando Alonso,Renault,55.0,1,6,0,16,0.0625,3.4375
2003,coulthard,COU,David Coulthard,McLaren,51.0,1,7,0,16,0.0625,3.1875
2003,trulli,TRU,Jarno Trulli,Renault,33.0,0,8,0,16,0.0,2.0625
2003,button,BUT,Jenson Button,BAR,17.0,0,9,0,16,0.0,1.0625
2003,webber,WEB,Mark Webber,Jaguar,17.0,0,10,0,16,0.0,1.0625
2003,frentzen,0,Heinz-Harald Frentzen,Sauber,13.0,0,11,0,16,0.0,0.8125
2003,fisichella,FIS,Giancarlo Fisichella,Jordan,12.0,1,12,0,16,0.0625,0.75
2003,matta,0,Cristiano da Matta,Toyota,10.0,0,13,0,16,0.0,0.625
2003,heidfeld,HEI,Nick Heidfeld,Sauber,6.0,0,14,0,16,0.0,0.375
2003,panis,0,Olivier Panis,Toyota,6.0,0,15,0,16,0.0,0.375
2003,villeneuve,VIL,Jacques Villeneuve,BAR,6.0,0,16,0,16,0.0,0.375
2003,gene,0,Marc Gené,Williams,4.0,0,17,0,16,0.0,0.25
2003,sato,SAT,Takuma Sato,BAR,3.0,0,18,0,16,0.0,0.1875
2003,firman,0,Ralph Firman,Jordan,1.0,0,19,0,16,0.0,0.0625
2003,wilson,0,Justin Wilson,Minardi,1.0,0,20,0,16,0.0,0.0625
2003,pizzonia,PIZ,Antônio Pizzonia,Jaguar,0.0,0,21,0,16,0.0,0.0
2003,verstappen,0,Jos Verstappen,Minardi,0.0,0,22,0,16,0.0,0.0
2003,kiesa,0,Nicolas Kiesa,Minardi,0.0,0,23,0,16,0.0,0.0
2003,baumgartner,0,Zsolt Baumgartner,Jordan,0.0,0,24,0,16,0.0,0.0
2004,michael_schumacher,MSC,Michael Schumacher,Ferrari,148.0,13,1,1,18,0.7222222222222222,8.222222222222221
2004,barrichello,BAR,Rubens Barrichello,Ferrari,114.0,2,2,0,18,0.1111111111111111,6.333333333333333
2004,button,BUT,Jenson Button,BAR,85.0,0,3,0,18,0.0,4.722222222222222
2004,alonso,ALO,Fernando Alonso,Renault,59.0,0,4,0,18,0.0,3.2777777777777777
2004,montoya,MON,Juan Pablo Montoya,Williams,58.0,1,5,0,18,0.05555555555555555,3.2222222222222223
2004,trulli,TRU,Jarno Trulli,Renault,46.0,1,6,0,18,0.05555555555555555,2.5555555555555554
2004,raikkonen,RAI,Kimi Räikkönen,McLaren,45.0,1,7,0,18,0.05555555555555555,2.5
2004,sato,SAT,Takuma Sato,BAR,34.0,0,8,0,18,0.0,1.8888888888888888
2004,ralf_schumacher,SCH,Ralf Schumacher,Williams,24.0,0,9,0,18,0.0,1.3333333333333333
2004,coulthard,COU,David Coulthard,McLaren,24.0,0,10,0,18,0.0,1.3333333333333333
2004,fisichella,FIS,Giancarlo Fisichella,Sauber,22.0,0,11,0,18,0.0,1.2222222222222223
2004,massa,MAS,Felipe Massa,Sauber,12.0,0,12,0,18,0.0,0.6666666666666666
2004,webber,WEB,Mark Webber,Jaguar,7.0,0,13,0,18,0.0,0.3888888888888889
2004,panis,0,Olivier Panis,Toyota,6.0,0,14,0,18,0.0,0.3333333333333333
2004,pizzonia,PIZ,Antônio Pizzonia,Williams,6.0,0,15,0,18,0.0,0.3333333333333333
2004,klien,KLI,Christian Klien,Jaguar,3.0,0,16,0,18,0.0,0.16666666666666666
2004,matta,0,Cristiano da Matta,Toyota,3.0,0,17,0,18,0.0,0.16666666666666666
2004,heidfeld,HEI,Nick Heidfeld,Jordan,3.0,0,18,0,18,0.0,0.16666666666666666
2004,glock,GLO,Timo Glock,Jordan,2.0,0,19,0,18,0.0,0.1111111111111111
2004,baumgartner,0,Zsolt Baumgartner,Minardi,1.0,0,20,0,18,0.0,0.05555555555555555
2004,villeneuve,VIL,Jacques Villeneuve,Renault,0.0,0,21,0,18,0.0,0.0
2004,zonta,ZON,Ricardo Zonta,Toyota,0.0,0,22,0,18,0.0,0.0
2004,gene,0,Marc Gené,Williams,0.0,0,23,0,18,0.0,0.0
2004,pantano,0,Giorgio Pantano,Jordan,0.0,0,24,0,18,0.0,0.0
2004,bruni,0,Gianmaria Bruni,Minardi,0.0,0,25,0,18,0.0,0.0
2005,alonso,ALO,Fernando Alonso,Renault,133.0,7,1,1,19,0.3684210526315789,7.0
2005,raikkonen,RAI,Kimi Räikkönen,McLaren,112.0,7,2,0,19,0.3684210526315789,5.894736842105263
2005,michael_schumacher,MSC,Michael Schumacher,Ferrari,62.0,1,3,0,19,0.05263157894736842,3.263157894736842
2005,montoya,MON,Juan Pablo Montoya,McLaren,60.0,3,4,0,19,0.15789473684210525,3.1578947368421053
2005,fisichella,FIS,Giancarlo Fisichella,Renault,58.0,1,5,0,19,0.05263157894736842,3.0526315789473686
2005,ralf_schumacher,SCH,Ralf Schumacher,Toyota,45.0,0,6,0,19,0.0,2.3684210526315788
2005,trulli,TRU,Jarno Trulli,Toyota,43.0,0,7,0,19,0.0,2.263157894736842
2005,barrichello,BAR,Rubens Barrichello,Ferrari,38.0,0,8,0,19,0.0,2.0
2005,button,BUT,Jenson Button,BAR,37.0,0,9,0,19,0.0,1.9473684210526316
2005,webber,WEB,Mark Webber,Williams,36.0,0,10,0,19,0.0,1.894736842105263
2005,heidfeld,HEI,Nick Heidfeld,Williams,28.0,0,11,0,19,0.0,1.4736842105263157
2005,coulthard,COU,David Coulthard,Red Bull,24.0,0,12,0,19,0.0,1.263157894736842
2005,massa,MAS,Felipe Massa,Sauber,11.0,0,13,0,19,0.0,0.5789473684210527
2005,villeneuve,VIL,Jacques Villeneuve,Sauber,9.0,0,14,0,19,0.0,0.47368421052631576
2005,klien,KLI,Christian Klien,Red Bull,9.0,0,15,0,19,0.0,0.47368421052631576
2005,monteiro,TMO,Tiago Monteiro,Jordan,7.0,0,16,0,19,0.0,0.3684210526315789
2005,wurz,WUR,Alexander Wurz,McLaren,6.0,0,17,0,19,0.0,0.3157894736842105
2005,karthikeyan,KAR,Narain Karthikeyan,Jordan,5.0,0,18,0,19,0.0,0.2631578947368421
2005,albers,ALB,Christijan Albers,Minardi,4.0,0,19,0,19,0.0,0.21052631578947367
2005,rosa,DLR,Pedro de la Rosa,McLaren,4.0,0,20,0,19,0.0,0.21052631578947367
2005,friesacher,FRI,Patrick Friesacher,Minardi,3.0,0,21,0,19,0.0,0.15789473684210525
2005,pizzonia,PIZ,Antônio Pizzonia,Williams,2.0,0,22,0,19,0.0,0.10526315789473684
2005,sato,SAT,Takuma Sato,BAR,1.0,0,23,0,19,0.0,0.05263157894736842
2005,liuzzi,LIU,Vitantonio Liuzzi,Red Bull,1.0,0,24,0,19,0.0,0.05263157894736842
2005,doornbos,DOO,Robert Doornbos,Minardi,0.0,0,25,0,19,0.0,0.0
2005,zonta,ZON,Ricardo Zonta,Toyota,0.0,0,0,0,19,0.0,0.0
2005,davidson,DAV,Anthony Davidson,BAR,0.0,0,0,0,19,0.0,0.0
2006,alonso,ALO,Fernando Alonso,Renault,134.0,7,1,1,18,0.3888888888888889,7.444444444444445
2006,michael_schumacher,MSC,Michael Schumacher,Ferrari,121.0,7,2,0,18,0.3888888888888889,6.722222222222222
2006,massa,MAS,Felipe Massa,Ferrari,80.0,2,3,0,18,0.1111111111111111,4.444444444444445
2006,fisichella,FIS,Giancarlo Fisichella,Renault,72.0,1,4,0,18,0.05555555555555555,4.0
2006,raikkonen,RAI,Kimi Räikkönen,McLaren,65.0,0,5,0,18,0.0,3.611111111111111
2006,button,BUT,Jenson Button,Honda,56.0,1,6,0,18,0.05555555555555555,3.111111111111111
2006,barrichello,BAR,Rubens Barrichello,Honda,30.0,0,7,0,18,0.0,1.6666666666666667
2006,montoya,MON,Juan Pablo Montoya,McLaren,26.0,0,8,0,18,0.0,1.4444444444444444
2006,heidfeld,HEI,Nick Heidfeld,BMW Sauber,23.0,0,9,0,18,0.0,1.2777777777777777
2006,ralf_schumacher,SCH,Ralf Schumacher,Toyota,20.0,0,10,0,18,0.0,1.1111111111111112
2006,rosa,DLR,Pedro de la Rosa,McLaren,19.0,0,11,0,18,0.0,1.0555555555555556
2006,trulli,TRU,Jarno Trulli,Toyota,15.0,0,12,0,18,0.0,0.8333333333333334
2006,coulthard,COU,David Coulthard,Red Bull,14.0,0,13,0,18,0.0,0.7777777777777778
2006,webber,WEB,Mark Webber,Williams,7.0,0,14,0,18,0.0,0.3888888888888889
2006,villeneuve,VIL,Jacques Villeneuve,BMW Sauber,7.0,0,15,0,18,0.0,0.3888888888888889
2006,kubica,KUB,Robert Kubica,BMW Sauber,6.0,0,16,0,18,0.0,0.3333333333333333
2006,rosberg,ROS,Nico Rosberg,Williams,4.0,0,17,0,18,0.0,0.2222222222222222
2006,klien,KLI,Christian Klien,Red Bull,2.0,0,18,0,18,0.0,0.1111111111111111
2006,liuzzi,LIU,Vitantonio Liuzzi,Toro Rosso,1.0,0,19,0,18,0.0,0.05555555555555555
2006,speed,SPE,Scott Speed,Toro Rosso,0.0,0,20,0,18,0.0,0.0
2006,monteiro,TMO,Tiago Monteiro,MF1,0.0,0,21,0,18,0.0,0.0
2006,albers,ALB,Christijan Albers,MF1,0.0,0,22,0,18,0.0,0.0
2006,sato,SAT,Takuma Sato,Super Aguri,0.0,0,23,0,18,0.0,0.0
2006,doornbos,DOO,Robert Doornbos,Red Bull,0.0,0,24,0,18,0.0,0.0
2006,ide,IDE,Yuji Ide,Super Aguri,0.0,0,25,0,18,0.0,0.0
2006,yamamoto,YAM,Sakon Yamamoto,Super Aguri,0.0,0,26,0,18,0.0,0.0
2006,montagny,FMO,Franck Montagny,Super Aguri,0.0,0,27,0,18,0.0,0.0
2007,raikkonen,RAI,Kimi Räikkönen,Ferrari,110.0,6,1,1,17,0.35294117647058826,6.470588235294118
2007,hamilton,HAM,Lewis Hamilton,McLaren,109.0,4,2,0,17,0.23529411764705882,6.411764705882353
2007,alonso,ALO,Fernando Alonso,McLaren,109.0,4,3,0,17,0.23529411764705882,6.411764705882353
2007,massa,MAS,Felipe Massa,Ferrari,94.0,3,4,0,17,0.17647058823529413,5.529411764705882
2007,heidfeld,HEI,Nick Heidfeld,BMW Sauber,61.0,0,5,0,17,0.0,3.588235294117647
2007,kubica,KUB,Robert Kubica,BMW Sauber,39.0,0,6,0,17,0.0,2.2941176470588234
2007,kovalainen,KOV,Heikki Kovalainen,Renault,30.0,0,7,0,17,0.0,1.7647058823529411
2007,fisichella,FIS,Giancarlo Fisichella,Renault,21.0,0,8,0,17,0.0,1.2352941176470589
2007,rosberg,ROS,Nico Rosberg,Williams,20.0,0,9,0,17,0.0,1.1764705882352942
2007,coulthard,COU,David Coulthard,Red Bull,14.0,0,10,0,17,0.0,0.8235294117647058
2007,wurz,WUR,Alexander Wurz,Williams,13.0,0,11,0,17,0.0,0.7647058823529411
2007,webber,WEB,Mark Webber,Red Bull,10.0,0,12,0,17,0.0,0.5882352941176471
2007,trulli,TRU,Jarno Trulli,Toyota,8.0,0,13,0,17,0.0,0.47058823529411764
2007,vettel,VET,Sebastian Vettel,BMW Sauber,6.0,0,14,0,17,0.0,0.35294117647058826
2007,button,BUT,Jenson Button,Honda,6.0,0,15,0,17,0.0,0.35294117647058826
2007,ralf_schumacher,SCH,Ralf Schumacher,Toyota,5.0,0,16,0,17,0.0,0.29411764705882354
2007,sato,SAT,Takuma Sato,Super Aguri,4.0,0,17,0,17,0.0,0.23529411764705882
2007,liuzzi,LIU,Vitantonio Liuzzi,Toro Rosso,3.0,0,18,0,17,0.0,0.17647058823529413
2007,sutil,SUT,Adrian Sutil,Spyker,1.0,0,19,0,17,0.0,0.058823529411764705
2007,barrichello,BAR,Rubens Barrichello,Honda,0.0,0,20,0,17,0.0,0.0
2007,speed,SPE,Scott Speed,Toro Rosso,0.0,0,21,0,17,0.0,0.0
2007,nakajima,NAK,Kazuki Nakajima,Williams,0.0,0,22,0,17,0.0,0.0
2007,davidson,DAV,Anthony Davidson,Super Aguri,0.0,0,23,0,17,0.0,0.0
2007,yamamoto,YAM,Sakon Yamamoto,Spyker,0.0,0,24,0,17,0.0,0.0
2007,albers,ALB,Christijan Albers,Spyker,0.0,0,25,0,17,0.0,0.0
2007,markus_winkelhock,WIN,Markus Winkelhock,Spyker,0.0,0,0,0,17,0.0,0.0
2008,hamilton,HAM,Lewis Hamilton,McLaren,98.0,5,1,1,18,0.2777777777777778,5.444444444444445
2008,massa,MAS,Felipe Massa,Ferrari,97.0,6,2,0,18,0.3333333333333333,5.388888888888889
2008,raikkonen,RAI,Kimi Räikkönen,Ferrari,75.0,2,3,0,18,0.1111111111111111,4.166666666666667
2008,kubica,KUB,Robert Kubica,BMW Sauber,75.0,1,4,0,18,0.05555555555555555,4.166666666666667
2008,alonso,ALO,Fernando Alonso,Renault,61.0,2,5,0,18,0.1111111111111111,3.388888888888889
2008,heidfeld,HEI,Nick Heidfeld,BMW Sauber,60.0,0,6,0,18,0.0,3.3333333333333335
2008,kovalainen,KOV,Heikki Kovalainen,McLaren,53.0,1,7,0,18,0.05555555555555555,2.9444444444444446
2008,vettel,VET,Sebastian Vettel,Toro Rosso,35.0,1,8,0,18,0.05555555555555555,1.9444444444444444
2008,trulli,TRU,Jarno Trulli,Toyota,31.0,0,9,0,18,0.0,1.7222222222222223
2008,glock,GLO,Timo Glock,Toyota,25.0,0,10,0,18,0.0,1.3888888888888888
2008,webber,WEB,Mark Webber,Red Bull,21.0,0,11,0,18,0.0,1.1666666666666667
2008,piquet_jr,PIQ,Nelson Piquet Jr.,Renault,19.0,0,12,0,18,0.0,1.0555555555555556
2008,rosberg,ROS,Nico Rosberg,Williams,17.0,0,13,0,18,0.0,0.9444444444444444
2008,barrichello,BAR,Rubens Barrichello,Honda,11.0,0,14,0,18,0.0,0.6111111111111112
2008,nakajima,NAK,Kazuki Nakajima,Williams,9.0,0,15,0,18,0.0,0.5
2008,coulthard,COU,David Coulthard,Red Bull,8.0,0,16,0,18,0.0,0.4444444444444444
2008,bourdais,BOU,Sébastien Bourdais,Toro Rosso,4.0,0,17,0,18,0.0,0.2222222222222222
2008,button,BUT,Jenson Button,Honda,3.0,0,18,0,18,0.0,0.16666666666666666
2008,fisichella,FIS,Giancarlo Fisichella,Force India,0.0,0,19,0,18,0.0,0.0
2008,sutil,SUT,Adrian Sutil,Force India,0.0,0,20,0,18,0.0,0.0
2008,sato,SAT,Takuma Sato,Super Aguri,0.0,0,21,0,18,0.0,0.0
2008,davidson,DAV,Anthony Davidson,Super Aguri,0.0,0,22,0,18,0.0,0.0
2009,button,BUT,Jenson Button,Brawn,95.0,6,1,1,17,0.35294117647058826,5.588235294117647
2009,vettel,VET,Sebastian Vettel,Red Bull,84.0,4,2,0,17,0.23529411764705882,4.9411764705882355
2009,barrichello,BAR,Rubens Barrichello,Brawn,77.0,2,3,0,17,0.11764705882352941,4.529411764705882
2009,webber,WEB,Mark Webber,Red Bull,69.5,2,4,0,17,0.11764705882352941,4.088235294117647
2009,hamilton,HAM,Lewis Hamilton,McLaren,49.0,2,5,0,17,0.11764705882352941,2.8823529411764706
2009,raikkonen,RAI,Kimi Räikkönen,Ferrari,48.0,1,6,0,17,0.058823529411764705,2.823529411764706
2009,rosberg,ROS,Nico Rosberg,Williams,34.5,0,7,0,17,0.0,2.0294117647058822
2009,trulli,TRU,Jarno Trulli,Toyota,32.5,0,8,0,17,0.0,1.911764705882353
2009,alonso,ALO,Fernando Alonso,Renault,26.0,0,9,0,17,0.0,1.5294117647058822
2009,glock,GLO,Timo Glock,Toyota,24.0,0,10,0,17,0.0,1.411764705882353
2009,massa,MAS,Felipe Massa,Ferrari,22.0,0,11,0,17,0.0,1.2941176470588236
2009,kovalainen,KOV,Heikki Kovalainen,McLaren,22.0,0,12,0,17,0.0,1.2941176470588236
2009,heidfeld,HEI,Nick Heidfeld,BMW Sauber,19.0,0,13,0,17,0.0,1.1176470588235294
2009,kubica,KUB,Robert Kubica,BMW Sauber,17.0,0,14,0,17,0.0,1.0
2009,fisichella,FIS,Giancarlo Fisichella,Force India,8.0,0,15,0,17,0.0,0.47058823529411764
2009,buemi,BUE,Sébastien Buemi,Toro Rosso,6.0,0,16,0,17,0.0,0.35294117647058826
2009,sutil,SUT,Adrian Sutil,Force India,5.0,0,17,0,17,0.0,0.29411764705882354
2009,kobayashi,KOB,Kamui Kobayashi,Toyota,3.0,0,18,0,17,0.0,0.17647058823529413
2009,bourdais,BOU,Sébastien Bourdais,Toro Rosso,2.0,0,19,0,17,0.0,0.11764705882352941
2009,nakajima,NAK,Kazuki Nakajima,Williams,0.0,0,20,0,17,0.0,0.0
2009,piquet_jr,PIQ,Nelson Piquet Jr.,Renault,0.0,0,21,0,17,0.0,0.0
2009,liuzzi,LIU,Vitantonio Liuzzi,Force India,0.0,0,22,0,17,0.0,0.0
2009,grosjean,GRO,Romain Grosjean,Renault,0.0,0,23,0,17,0.0,0.0
2009,alguersuari,ALG,Jaime Alguersuari,Toro Rosso,0.0,0,24,0,17,0.0,0.0
2009,badoer,BAD,Luca Badoer,Ferrari,0.0,0,25,0,17,0.0,0.0
2010,vettel,VET,Sebastian Vettel,Red Bull,256.0,5,1,1,19,0.2631578947368421,13.473684210526315
2010,alonso,ALO,Fernando Alonso,Ferrari,252.0,5,2,0,19,0.2631578947368421,13.263157894736842
2010,webber,WEB,Mark Webber,Red Bull,242.0,4,3,0,19,0.21052631578947367,12.736842105263158
2010,hamilton,HAM,Lewis Hamilton,McLaren,240.0,3,4,0,19,0.15789473684210525,12.631578947368421
2010,button,BUT,Jenson Button,McLaren,214.0,2,5,0,19,0.10526315789473684,11.263157894736842
2010,massa,MAS,Felipe Massa,Ferrari,144.0,0,6,0,19,0.0,7.578947368421052
2010,rosberg,ROS,Nico Rosberg,Mercedes,142.0,0,7,0,19,0.0,7.473684210526316
2010,kubica,KUB,Robert Kubica,Renault,136.0,0,8,0,19,0.0,7.157894736842105
2010,michael_schumacher,MSC,Michael Schumacher,Mercedes,72.0,0,9,0,19,0.0,3.789473684210526
2010,barrichello,BAR,Rubens Barrichello,Williams,47.0,0,10,0,19,0.0,2.473684210526316
2010,sutil,SUT,Adrian Sutil,Force India,47.0,0,11,0,19,0.0,2.473684210526316
2010,kobayashi,KOB,Kamui Kobayashi,Sauber,32.0,0,12,0,19,0.0,1.6842105263157894
2010,petrov,PET,Vitaly Petrov,Renault,27.0,0,13,0,19,0.0,1.4210526315789473
2010,hulkenberg,HUL,Nico Hülkenberg,Williams,22.0,0,14,0,19,0.0,1.1578947368421053
2010,liuzzi,LIU,Vitantonio Liuzzi,Force India,21.0,0,15,0,19,0.0,1.105263157894737
2010,buemi,BUE,Sébastien Buemi,Toro Rosso,8.0,0,16,0,19,0.0,0.42105263157894735
2010,rosa,DLR,Pedro de la Rosa,Sauber,6.0,0,17,0,19,0.0,0.3157894736842105
2010,heidfeld,HEI,Nick Heidfeld,Sauber,6.0,0,18,0,19,0.0,0.3157894736842105
2010,alguersuari,ALG,Jaime Alguersuari,Toro Rosso,5.0,0,19,0,19,0.0,0.2631578947368421
2010,kovalainen,KOV,Heikki Kovalainen,Lotus,0.0,0,20,0,19,0.0,0.0
2010,trulli,TRU,Jarno Trulli,Lotus,0.0,0,21,0,19,0.0,0.0
2010,chandhok,CHA,Karun Chandhok,HRT,0.0,0,22,0,19,0.0,0.0
2010,bruno_senna,SEN,Bruno Senna,HRT,0.0,0,23,0,19,0.0,0.0
2010,grassi,DIG,Lucas di Grassi,Virgin,0.0,0,24,0,19,0.0,0.0
2010,glock,GLO,Timo Glock,Virgin,0.0,0,25,0,19,0.0,0.0
2010,yamamoto,YAM,Sakon Yamamoto,HRT,0.0,0,26,0,19,0.0,0.0
2010,klien,KLI,Christian Klien,HRT,0.0,0,27,0,19,0.0,0.0
2011,vettel,VET,Sebastian Vettel,Red Bull,392.0,11,1,1,19,0.5789473684210527,20.63157894736842
2011,button,BUT,Jenson Button,McLaren,270.0,3,2,0,19,0.15789473684210525,14.210526315789474
2011,webber,WEB,Mark Webber,Red Bull,258.0,1,3,0,19,0.05263157894736842,13.578947368421053
2011,alonso,ALO,Fernando Alonso,Ferrari,257.0,1,4,0,19,0.05263157894736842,13.526315789473685
2011,hamilton,HAM,Lewis Hamilton,McLaren,227.0,3,5,0,19,0.15789473684210525,11.947368421052632
2011,massa,MAS,Felipe Massa,Ferrari,118.0,0,6,0,19,0.0,6.2105263157894735
2011,rosberg,ROS,Nico Rosberg,Mercedes,89.0,0,7,0,19,0.0,4.684210526315789
2011,michael_schumacher,MSC,Michael Schumacher,Mercedes,76.0,0,8,0,19,0.0,4.0
2011,sutil,SUT,Adrian Sutil,Force India,42.0,0,9,0,19,0.0,2.210526315789474
2011,petrov,PET,Vitaly Petrov,Renault,37.0,0,10,0,19,0.0,1.9473684210526316
2011,heidfeld,HEI,Nick Heidfeld,Renault,34.0,0,11,0,19,0.0,1.7894736842105263
2011,kobayashi,KOB,Kamui Kobayashi,Sauber,30.0,0,12,0,19,0.0,1.5789473684210527
2011,resta,DIR,Paul di Resta,Force India,27.0,0,13,0,19,0.0,1.4210526315789473
2011,alguersuari,ALG,Jaime Alguersuari,Toro Rosso,26.0,0,14,0,19,0.0,1.368421052631579
2011,buemi,BUE,Sébastien Buemi,Toro Rosso,15.0,0,15,0,19,0.0,0.7894736842105263
2011,perez,PER,Sergio Pérez,Sauber,14.0,0,16,0,19,0.0,0.7368421052631579
2011,barrichello,BAR,Rubens Barrichello,Williams,4.0,0,17,0,19,0.0,0.21052631578947367
2011,bruno_senna,SEN,Bruno Senna,Renault,2.0,0,18,0,19,0.0,0.10526315789473684
2011,maldonado,MAL,Pastor Maldonado,Williams,1.0,0,19,0,19,0.0,0.05263157894736842
2011,rosa,DLR,Pedro de la Rosa,Sauber,0.0,0,20,0,19,0.0,0.0
2011,trulli,TRU,Jarno Trulli,Lotus,0.0,0,21,0,19,0.0,0.0
2011,kovalainen,KOV,Heikki Kovalainen,Lotus,0.0,0,22,0,19,0.0,0.0
2011,liuzzi,LIU,Vitantonio Liuzzi,HRT,0.0,0,23,0,19,0.0,0.0
2011,ambrosio,DAM,Jérôme d'Ambrosio,Virgin,0.0,0,24,0,19,0.0,0.0
2011,glock,GLO,Timo Glock,Virgin,0.0,0,25,0,19,0.0,0.0
2011,karthikeyan,KAR,Narain Karthikeyan,HRT,0.0,0,26,0,19,0.0,0.0
2011,ricciardo,RIC,Daniel Ricciardo,HRT,0.0,0,27,0,19,0.0,0.0
2011,chandhok,CHA,Karun Chandhok,Lotus,0.0,0,28,0,19,0.0,0.0
2012,vettel,VET,Sebastian Vettel,Red Bull,281.0,5,1,1,20,0.25,14.05
2012,alonso,ALO,Fernando Alonso,Ferrari,278.0,3,2,0,20,0.15,13.9
2012,raikkonen,RAI,Kimi Räikkönen,Lotus F1,207.0,1,3,0,20,0.05,10.35
2012,hamilton,HAM,Lewis Hamilton,McLaren,190.0,4,4,0,20,0.2,9.5
2012,button,BUT,Jenson Button,McLaren,188.0,3,5,0,20,0.15,9.4
2012,webber,WEB,Mark Webber,Red Bull,179.0,2,6,0,20,0.1,8.95
2012,massa,MAS,Felipe Massa,Ferrari,122.0,0,7,0,20,0.0,6.1
2012,grosjean,GRO,Romain Grosjean,Lotus F1,96.0,0,8,0,20,0.0,4.8
2012,rosberg,ROS,Nico Rosberg,Mercedes,93.0,1,9,0,20,0.05,4.65
2012,perez,PER,Sergio Pérez,Sauber,66.0,0,10,0,20,0.0,3.3
2012,hulkenberg,HUL,Nico Hülkenberg,Force India,63.0,0,11,0,20,0.0,3.15
2012,kobayashi,KOB,Kamui Kobayashi,Sauber,60.0,0,12,0,20,0.0,3.0
2012,michael_schumacher,MSC,Michael Schumacher,Mercedes,49.0,0,13,0,20,0.0,2.45
2012,resta,DIR,Paul di Resta,Force India,46.0,0,14,0,20,0.0,2.3
2012,maldonado,MAL,Pastor Maldonado,Williams,45.0,1,15,0,20,0.05,2.25
2012,bruno_senna,SEN,Bruno Senna,Williams,31.0,0,16,0,20,0.0,1.55
2012,vergne,VER,Jean-Éric Vergne,Toro Rosso,16.0,0,17,0,20,0.0,0.8
2012,ricciardo,RIC,Daniel Ricciardo,Toro Rosso,10.0,0,18,0,20,0.0,0.5
2012,petrov,PET,Vitaly Petrov,Caterham,0.0,0,19,0,20,0.0,0.0
2012,glock,GLO,Timo Glock,Marussia,0.0,0,20,0,20,0.0,0.0
2012,pic,PIC,Charles Pic,Marussia,0.0,0,21,0,20,0.0,0.0
2012,kovalainen,KOV,Heikki Kovalainen,Caterham,0.0,0,22,0,20,0.0,0.0
2012,ambrosio,DAM,Jérôme d'Ambrosio,Lotus F1,0.0,0,23,0,20,0.0,0.0
2012,karthikeyan,KAR,Narain Karthikeyan,HRT,0.0,0,24,0,20,0.0,0.0
2012,rosa,DLR,Pedro de la Rosa,HRT,0.0,0,25,0,20,0.0,0.0
2013,vettel,VET,Sebastian Vettel,Red Bull,397.0,13,1,1,19,0.6842105263157895,20.894736842105264
2013,alonso,ALO,Fernando Alonso,Ferrari,242.0,2,2,0,19,0.10526315789473684,12.736842105263158
2013,webber,WEB,Mark Webber,Red Bull,199.0,0,3,0,19,0.0,10.473684210526315
2013,hamilton,HAM,Lewis Hamilton,Mercedes,189.0,1,4,0,19,0.05263157894736842,9.947368421052632
2013,raikkonen,RAI,Kimi Räikkönen,Lotus F1,183.0,1,5,0,19,0.05263157894736842,9.631578947368421
2013,rosberg,ROS,Nico Rosberg,Mercedes,171.0,2,6,0,19,0.10526315789473684,9.0
2013,grosjean,GRO,Romain Grosjean,Lotus F1,132.0,0,7,0,19,0.0,6.947368421052632
2013,massa,MAS,Felipe Massa,Ferrari,112.0,0,8,0,19,0.0,5.894736842105263
2013,button,BUT,Jenson Button,McLaren,73.0,0,9,0,19,0.0,3.8421052631578947
2013,hulkenberg,HUL,Nico Hülkenberg,Sauber,51.0,0,10,0,19,0.0,2.6842105263157894
2013,perez,PER,Sergio Pérez,McLaren,49.0,0,11,0,19,0.0,2.5789473684210527
2013,resta,DIR,Paul di Resta,Force India,48.0,0,12,0,19,0.0,2.526315789473684
2013,sutil,SUT,Adrian Sutil,Force India,29.0,0,13,0,19,0.0,1.5263157894736843
2013,ricciardo,RIC,Daniel Ricciardo,Toro Rosso,20.0,0,14,0,19,0.0,1.0526315789473684
2013,vergne,VER,Jean-Éric Vergne,Toro Rosso,13.0,0,15,0,19,0.0,0.6842105263157895
2013,gutierrez,GUT,Esteban Gutiérrez,Sauber,6.0,0,16,0,19,0.0,0.3157894736842105
2013,bottas,BOT,Valtteri Bottas,Williams,4.0,0,17,0,19,0.0,0.21052631578947367
2013,maldonado,MAL,Pastor Maldonado,Williams,1.0,0,18,0,19,0.0,0.05263157894736842
2013,jules_bianchi,BIA,Jules Bianchi,Marussia,0.0,0,19,0,19,0.0,0.0
2013,pic,PIC,Charles Pic,Caterham,0.0,0,20,0,19,0.0,0.0
2013,garde,VDG,Giedo van der Garde,Caterham,0.0,0,21,0,19,0.0,0.0
2013,kovalainen,KOV,Heikki Kovalainen,Lotus F1,0.0,0,22,0,19,0.0,0.0
2013,chilton,CHI,Max Chilton,Marussia,0.0,0,23,0,19,0.0,0.0
2014,hamilton,HAM,Lewis Hamilton,Mercedes,384.0,11,1,1,19,0.5789473684210527,20.210526315789473
2014,rosberg,ROS,Nico Rosberg,Mercedes,317.0,5,2,0,19,0.2631578947368421,16.68421052631579
2014,ricciardo,RIC,Daniel Ricciardo,Red Bull,238.0,3,3,0,19,0.15789473684210525,12.526315789473685
2014,bottas,BOT,Valtteri Bottas,Williams,186.0,0,4,0,19,0.0,9.789473684210526
2014,vettel,VET,Sebastian Vettel,Red Bull,167.0,0,5,0,19,0.0,8.789473684210526
2014,alonso,ALO,Fernando Alonso,Ferrari,161.0,0,6,0,19,0.0,8.473684210526315
2014,massa,MAS,Felipe Massa,Williams,134.0,0,7,0,19,0.0,7.052631578947368
2014,button,BUT,Jenson Button,McLaren,126.0,0,8,0,19,0.0,6.631578947368421
2014,hulkenberg,HUL,Nico Hülkenberg,Force India,96.0,0,9,0,19,0.0,5.052631578947368
2014,perez,PER,Sergio Pérez,Force India,59.0,0,10,0,19,0.0,3.1052631578947367
2014,kevin_magnussen,MAG,Kevin Magnussen,McLaren,55.0,0,11,0,19,0.0,2.8947368421052633
2014,raikkonen,RAI,Kimi Räikkönen,Ferrari,55.0,0,12,0,19,0.0,2.8947368421052633
2014,vergne,VER,Jean-Éric Vergne,Toro Rosso,22.0,0,13,0,19,0.0,1.1578947368421053
2014,grosjean,GRO,Romain Grosjean,Lotus F1,8.0,0,14,0,19,0.0,0.42105263157894735
2014,kvyat,KVY,Daniil Kvyat,Toro Rosso,8.0,0,15,0,19,0.0,0.42105263157894735
2014,maldonado,MAL,Pastor Maldonado,Lotus F1,2.0,0,16,0,19,0.0,0.10526315789473684
2014,jules_bianchi,BIA,Jules Bianchi,Marussia,2.0,0,17,0,19,0.0,0.10526315789473684
2014,sutil,SUT,Adrian Sutil,Sauber,0.0,0,18,0,19,0.0,0.0
2014,ericsson,ERI,Marcus Ericsson,Caterham,0.0,0,19,0,19,0.0,0.0
2014,gutierrez,GUT,Esteban Gutiérrez,Sauber,0.0,0,20,0,19,0.0,0.0
2014,chilton,CHI,Max Chilton,Marussia,0.0,0,21,0,19,0.0,0.0
2014,kobayashi,KOB,Kamui Kobayashi,Caterham,0.0,0,22,0,19,0.0,0.0
2014,stevens,STE,Will Stevens,Caterham,0.0,0,23,0,19,0.0,0.0
2014,lotterer,LOT,André Lotterer,Caterham,0.0,0,0,0,19,0.0,0.0
2015,hamilton,HAM,Lewis Hamilton,Mercedes,381.0,10,1,1,19,0.5263157894736842,20.05263157894737
2015,rosberg,ROS,Nico Rosberg,Mercedes,322.0,6,2,0,19,0.3157894736842105,16.94736842105263
2015,vettel,VET,Sebastian Vettel,Ferrari,278.0,3,3,0,19,0.15789473684210525,14.631578947368421
2015,raikkonen,RAI,Kimi Räikkönen,Ferrari,150.0,0,4,0,19,0.0,7.894736842105263
2015,bottas,BOT,Valtteri Bottas,Williams,136.0,0,5,0,19,0.0,7.157894736842105
2015,massa,MAS,Felipe Massa,Williams,121.0,0,6,0,19,0.0,6.368421052631579
2015,kvyat,KVY,Daniil Kvyat,Red Bull,95.0,0,7,0,19,0.0,5.0
2015,ricciardo,RIC,Daniel Ricciardo,Red Bull,92.0,0,8,0,19,0.0,4.842105263157895
2015,perez,PER,Sergio Pérez,Force India,78.0,0,9,0,19,0.0,4.105263157894737
2015,hulkenberg,HUL,Nico Hülkenberg,Force India,58.0,0,10,0,19,0.0,3.0526315789473686
2015,grosjean,GRO,Romain Grosjean,Lotus F1,51.0,0,11,0,19,0.0,2.6842105263157894
2015,max_verstappen,VER,Max Verstappen,Toro Rosso,49.0,0,12,0,19,0.0,2.5789473684210527
2015,nasr,NAS,Felipe Nasr,Sauber,27.0,0,13,0,19,0.0,1.4210526315789473
2015,maldonado,MAL,Pastor Maldonado,Lotus F1,27.0,0,14,0,19,0.0,1.4210526315789473
2015,sainz,SAI,Carlos Sainz,Toro Rosso,18.0,0,15,0,19,0.0,0.9473684210526315
2015,button,BUT,Jenson Button,McLaren,16.0,0,16,0,19,0.0,0.8421052631578947
2015,alonso,ALO,Fernando Alonso,McLaren,11.0,0,17,0,19,0.0,0.5789473684210527
2015,ericsson,ERI,Marcus Ericsson,Sauber,9.0,0,18,0,19,0.0,0.47368421052631576
2015,merhi,MER,Roberto Merhi,Manor Marussia,0.0,0,19,0,19,0.0,0.0
2015,rossi,RSS,Alexander Rossi,Manor Marussia,0.0,0,20,0,19,0.0,0.0
2015,stevens,STE,Will Stevens,Manor Marussia,0.0,0,21,0,19,0.0,0.0
2015,kevin_magnussen,MAG,Kevin Magnussen,McLaren,0.0,0,0,0,19,0.0,0.0
2016,rosberg,ROS,Nico Rosberg,Mercedes,385.0,9,1,1,21,0.42857142857142855,18.333333333333332
2016,hamilton,HAM,Lewis Hamilton,Mercedes,380.0,10,2,0,21,0.47619047619047616,18.095238095238095
2016,ricciardo,RIC,Daniel Ricciardo,Red Bull,256.0,1,3,0,21,0.047619047619047616,12.19047619047619
2016,vettel,VET,Sebastian Vettel,Ferrari,212.0,0,4,0,21,0.0,10.095238095238095
2016,max_verstappen,VER,Max Verstappen,Toro Rosso,204.0,1,5,0,21,0.047619047619047616,9.714285714285714
2016,raikkonen,RAI,Kimi Räikkönen,Ferrari,186.0,0,6,0,21,0.0,8.857142857142858
2016,perez,PER,Sergio Pérez,Force India,101.0,0,7,0,21,0.0,4.809523809523809
2016,bottas,BOT,Valtteri Bottas,Williams,85.0,0,8,0,21,0.0,4.0476190476190474
2016,hulkenberg,HUL,Nico Hülkenberg,Force India,72.0,0,9,0,21,0.0,3.4285714285714284
2016,alonso,ALO,Fernando Alonso,McLaren,54.0,0,10,0,21,0.0,2.5714285714285716
2016,massa,MAS,Felipe Massa,Williams,53.0,0,11,0,21,0.0,2.5238095238095237
2016,sainz,SAI,Carlos Sainz,Toro Rosso,46.0,0,12,0,21,0.0,2.1904761904761907
2016,grosjean,GRO,Romain Grosjean,Haas F1 Team,29.0,0,13,0,21,0.0,1.380952380952381
2016,kvyat,KVY,Daniil Kvyat,Red Bull,25.0,0,14,0,21,0.0,1.1904761904761905
2016,button,BUT,Jenson Button,McLaren,21.0,0,15,0,21,0.0,1.0
2016,kevin_magnussen,MAG,Kevin Magnussen,Renault,7.0,0,16,0,21,0.0,0.3333333333333333
2016,nasr,NAS,Felipe Nasr,Sauber,2.0,0,17,0,21,0.0,0.09523809523809523
2016,jolyon_palmer,PAL,Jolyon Palmer,Renault,1.0,0,18,0,21,0.0,0.047619047619047616
2016,wehrlein,WEH,Pascal Wehrlein,Manor Marussia,1.0,0,19,0,21,0.0,0.047619047619047616
2016,vandoorne,VAN,Stoffel Vandoorne,McLaren,1.0,0,20,0,21,0.0,0.047619047619047616
2016,gutierrez,GUT,Esteban Gutiérrez,Haas F1 Team,0.0,0,21,0,21,0.0,0.0
2016,ericsson,ERI,Marcus Ericsson,Sauber,0.0,0,22,0,21,0.0,0.0
2016,ocon,OCO,Esteban Ocon,Manor Marussia,0.0,0,23,0,21,0.0,0.0
2016,haryanto,HAR,Rio Haryanto,Manor Marussia,0.0,0,24,0,21,0.0,0.0
2017,hamilton,HAM,Lewis Hamilton,Mercedes,363.0,9,1,1,20,0.45,18.15
2017,vettel,VET,Sebastian Vettel,Ferrari,317.0,5,2,0,20,0.25,15.85
2017,bottas,BOT,Valtteri Bottas,Mercedes,305.0,3,3,0,20,0.15,15.25
2017,raikkonen,RAI,Kimi Räikkönen,Ferrari,205.0,0,4,0,20,0.0,10.25
2017,ricciardo,RIC,Daniel Ricciardo,Red Bull,200.0,1,5,0,20,0.05,10.0
2017,max_verstappen,VER,Max Verstappen,Red Bull,168.0,2,6,0,20,0.1,8.4
2017,perez,PER,Sergio Pérez,Force India,100.0,0,7,0,20,0.0,5.0
2017,ocon,OCO,Esteban Ocon,Force India,87.0,0,8,0,20,0.0,4.35
2017,sainz,SAI,Carlos Sainz,Toro Rosso,54.0,0,9,0,20,0.0,2.7
2017,hulkenberg,HUL,Nico Hülkenberg,Renault,43.0,0,10,0,20,0.0,2.15
2017,massa,MAS,Felipe Massa,Williams,43.0,0,11,0,20,0.0,2.15
2017,stroll,STR,Lance Stroll,Williams,40.0,0,12,0,20,0.0,2.0
2017,grosjean,GRO,Romain Grosjean,Haas F1 Team,28.0,0,13,0,20,0.0,1.4
2017,kevin_magnussen,MAG,Kevin Magnussen,Haas F1 Team,19.0,0,14,0,20,0.0,0.95
2017,alonso,ALO,Fernando Alonso,McLaren,17.0,0,15,0,20,0.0,0.85
2017,vandoorne,VAN,Stoffel Vandoorne,McLaren,13.0,0,16,0,20,0.0,0.65
2017,jolyon_palmer,PAL,Jolyon Palmer,Renault,8.0,0,17,0,20,0.0,0.4
2017,wehrlein,WEH,Pascal Wehrlein,Sauber,5.0,0,18,0,20,0.0,0.25
2017,kvyat,KVY,Daniil Kvyat,Toro Rosso,5.0,0,19,0,20,0.0,0.25
2017,ericsson,ERI,Marcus Ericsson,Sauber,0.0,0,20,0,20,0.0,0.0
2017,gasly,GAS,Pierre Gasly,Toro Rosso,0.0,0,21,0,20,0.0,0.0
2017,giovinazzi,GIO,Antonio Giovinazzi,Sauber,0.0,0,22,0,20,0.0,0.0
2017,brendon_hartley,HAR,Brendon Hartley,Toro Rosso,0.0,0,23,0,20,0.0,0.0
2017,button,BUT,Jenson Button,McLaren,0.0,0,0,0,20,0.0,0.0
2017,resta,DIR,Paul di Resta,Williams,0.0,0,0,0,20,0.0,0.0
2018,hamilton,HAM,Lewis Hamilton,Mercedes,408.0,11,1,1,21,0.5238095238095238,19.428571428571427
2018,vettel,VET,Sebastian Vettel,Ferrari,320.0,5,2,0,21,0.23809523809523808,15.238095238095237
2018,raikkonen,RAI,Kimi Räikkönen,Ferrari,251.0,1,3,0,21,0.047619047619047616,11.952380952380953
2018,max_verstappen,VER,Max Verstappen,Red Bull,249.0,2,4,0,21,0.09523809523809523,11.857142857142858
2018,bottas,BOT,Valtteri Bottas,Mercedes,247.0,0,5,0,21,0.0,11.761904761904763
2018,ricciardo,RIC,Daniel Ricciardo,Red Bull,170.0,2,6,0,21,0.09523809523809523,8.095238095238095
2018,hulkenberg,HUL,Nico Hülkenberg,Renault,69.0,0,7,0,21,0.0,3.2857142857142856
2018,perez,PER,Sergio Pérez,Force India,62.0,0,8,0,21,0.0,2.9523809523809526
2018,kevin_magnussen,MAG,Kevin Magnussen,Haas F1 Team,56.0,0,9,0,21,0.0,2.6666666666666665
2018,sainz,SAI,Carlos Sainz,Renault,53.0,0,10,0,21,0.0,2.5238095238095237
2018,alonso,ALO,Fernando Alonso,McLaren,50.0,0,11,0,21,0.0,2.380952380952381
2018,ocon,OCO,Esteban Ocon,Force India,49.0,0,12,0,21,0.0,2.3333333333333335
2018,leclerc,LEC,Charles Leclerc,Sauber,39.0,0,13,0,21,0.0,1.8571428571428572
2018,grosjean,GRO,Romain Grosjean,Haas F1 Team,37.0,0,14,0,21,0.0,1.7619047619047619
2018,gasly,GAS,Pierre Gasly,Toro Rosso,29.0,0,15,0,21,0.0,1.380952380952381
2018,vandoorne,VAN,Stoffel Vandoorne,McLaren,12.0,0,16,0,21,0.0,0.5714285714285714
2018,ericsson,ERI,Marcus Ericsson,Sauber,9.0,0,17,0,21,0.0,0.42857142857142855
2018,stroll,STR,Lance Stroll,Williams,6.0,0,18,0,21,0.0,0.2857142857142857
2018,brendon_hartley,HAR,Brendon Hartley,Toro Rosso,4.0,0,19,0,21,0.0,0.19047619047619047
2018,sirotkin,SIR,Sergey Sirotkin,Williams,1.0,0,20,0,21,0.0,0.047619047619047616
2019,hamilton,HAM,Lewis Hamilton,Mercedes,413.0,11,1,1,21,0.5238095238095238,19.666666666666668
2019,bottas,BOT,Valtteri Bottas,Mercedes,326.0,4,2,0,21,0.19047619047619047,15.523809523809524
2019,max_verstappen,VER,Max Verstappen,Red Bull,278.0,3,3,0,21,0.14285714285714285,13.238095238095237
2019,leclerc,LEC,Charles Leclerc,Ferrari,264.0,2,4,0,21,0.09523809523809523,12.571428571428571
2019,vettel,VET,Sebastian Vettel,Ferrari,240.0,1,5,0,21,0.047619047619047616,11.428571428571429
2019,sainz,SAI,Carlos Sainz,McLaren,96.0,0,6,0,21,0.0,4.571428571428571
2019,gasly,GAS,Pierre Gasly,Red Bull,95.0,0,7,0,21,0.0,4.523809523809524
2019,albon,ALB,Alexander Albon,Toro Rosso,92.0,0,8,0,21,0.0,4.380952380952381
2019,ricciardo,RIC,Daniel Ricciardo,Renault,54.0,0,9,0,21,0.0,2.5714285714285716
2019,perez,PER,Sergio Pérez,Racing Point,52.0,0,10,0,21,0.0,2.4761904761904763
2019,norris,NOR,Lando Norris,McLaren,49.0,0,11,0,21,0.0,2.3333333333333335
2019,raikkonen,RAI,Kimi Räikkönen,Alfa Romeo,43.0,0,12,0,21,0.0,2.0476190476190474
2019,kvyat,KVY,Daniil Kvyat,Toro Rosso,37.0,0,13,0,21,0.0,1.7619047619047619
2019,hulkenberg,HUL,Nico Hülkenberg,Renault,37.0,0,14,0,21,0.0,1.7619047619047619
2019,stroll,STR,Lance Stroll,Racing Point,21.0,0,15,0,21,0.0,1.0
2019,kevin_magnussen,MAG,Kevin Magnussen,Haas F1 Team,20.0,0,16,0,21,0.0,0.9523809523809523
2019,giovinazzi,GIO,Antonio Giovinazzi,Alfa Romeo,14.0,0,17,0,21,0.0,0.6666666666666666
2019,grosjean,GRO,Romain Grosjean,Haas F1 Team,8.0,0,18,0,21,0.0,0.38095238095238093
2019,kubica,KUB,Robert Kubica,Williams,1.0,0,19,0,21,0.0,0.047619047619047616
2019,russell,RUS,George Russell,Williams,0.0,0,20,0,21,0.0,0.0
2020,hamilton,HAM,Lewis Hamilton,Mercedes,347.0,11,1,1,17,0.6470588235294118,20.41176470588235
2020,bottas,BOT,Valtteri Bottas,Mercedes,223.0,2,2,0,17,0.11764705882352941,13.117647058823529
2020,max_verstappen,VER,Max Verstappen,Red Bull,214.0,2,3,0,17,0.11764705882352941,12.588235294117647
2020,perez,PER,Sergio Pérez,Racing Point,125.0,1,4,0,17,0.058823529411764705,7.352941176470588
2020,ricciardo,RIC,Daniel Ricciardo,Renault,119.0,0,5,0,17,0.0,7.0
2020,sainz,SAI,Carlos Sainz,McLaren,105.0,0,6,0,17,0.0,6.176470588235294
2020,albon,ALB,Alexander Albon,Red Bull,105.0,0,7,0,17,0.0,6.176470588235294
2020,leclerc,LEC,Charles Leclerc,Ferrari,98.0,0,8,0,17,0.0,5.764705882352941
2020,norris,NOR,Lando Norris,McLaren,97.0,0,9,0,17,0.0,5.705882352941177
2020,gasly,GAS,Pierre Gasly,AlphaTauri,75.0,1,10,0,17,0.058823529411764705,4.411764705882353
2020,stroll,STR,Lance Stroll,Racing Point,75.0,0,11,0,17,0.0,4.411764705882353
2020,ocon,OCO,Esteban Ocon,Renault,62.0,0,12,0,17,0.0,3.6470588235294117
2020,vettel,VET,Sebastian Vettel,Ferrari,33.0,0,13,0,17,0.0,1.9411764705882353
2020,kvyat,KVY,Daniil Kvyat,AlphaTauri,32.0,0,14,0,17,0.0,1.8823529411764706
2020,hulkenberg,HUL,Nico Hülkenberg,Racing Point,10.0,0,15,0,17,0.0,0.5882352941176471
2020,raikkonen,RAI,Kimi Räikkönen,Alfa Romeo,4.0,0,16,0,17,0.0,0.23529411764705882
2020,giovinazzi,GIO,Antonio Giovinazzi,Alfa Romeo,4.0,0,17,0,17,0.0,0.23529411764705882
2020,russell,RUS,George Russell,Williams,3.0,0,18,0,17,0.0,0.17647058823529413
2020,grosjean,GRO,Romain Grosjean,Haas F1 Team,2.0,0,19,0,17,0.0,0.11764705882352941
2020,kevin_magnussen,MAG,Kevin Magnussen,Haas F1 Team,1.0,0,20,0,17,0.0,0.058823529411764705
2020,latifi,LAT,Nicholas Latifi,Williams,0.0,0,21,0,17,0.0,0.0
2020,aitken,AIT,Jack Aitken,Williams,0.0,0,22,0,17,0.0,0.0
2020,pietro_fittipaldi,FIT,Pietro Fittipaldi,Haas F1 Team,0.0,0,23,0,17,0.0,0.0
2021,max_verstappen,VER,Max Verstappen,Red Bull,395.5,10,1,1,22,0.45454545454545453,17.977272727272727
2021,hamilton,HAM,Lewis Hamilton,Mercedes,387.5,8,2,0,22,0.36363636363636365,17.613636363636363
2021,bottas,BOT,Valtteri Bottas,Mercedes,226.0,1,3,0,22,0.045454545454545456,10.272727272727273
2021,perez,PER,Sergio Pérez,Red Bull,190.0,1,4,0,22,0.045454545454545456,8.636363636363637
2021,sainz,SAI,Carlos Sainz,Ferrari,164.5,0,5,0,22,0.0,7.4772727272727275
2021,norris,NOR,Lando Norris,McLaren,160.0,0,6,0,22,0.0,7.2727272727272725
2021,leclerc,LEC,Charles Leclerc,Ferrari,159.0,0,7,0,22,0.0,7.2272727272727275
2021,ricciardo,RIC,Daniel Ricciardo,McLaren,115.0,1,8,0,22,0.045454545454545456,5.2272727272727275
2021,gasly,GAS,Pierre Gasly,AlphaTauri,110.0,0,9,0,22,0.0,5.0
2021,alonso,ALO,Fernando Alonso,Alpine F1 Team,81.0,0,10,0,22,0.0,3.6818181818181817
2021,ocon,OCO,Esteban Ocon,Alpine F1 Team,74.0,1,11,0,22,0.045454545454545456,3.3636363636363638
2021,vettel,VET,Sebastian Vettel,Aston Martin,43.0,0,12,0,22,0.0,1.9545454545454546
2021,stroll,STR,Lance Stroll,Aston Martin,34.0,0,13,0,22,0.0,1.5454545454545454
2021,tsunoda,TSU,Yuki Tsunoda,AlphaTauri,32.0,0,14,0,22,0.0,1.4545454545454546
2021,russell,RUS,George Russell,Williams,16.0,0,15,0,22,0.0,0.7272727272727273
2021,raikkonen,RAI,Kimi Räikkönen,Alfa Romeo,10.0,0,16,0,22,0.0,0.45454545454545453
2021,latifi,LAT,Nicholas Latifi,Williams,7.0,0,17,0,22,0.0,0.3181818181818182
2021,giovinazzi,GIO,Antonio Giovinazzi,Alfa Romeo,3.0,0,18,0,22,0.0,0.13636363636363635
2021,mick_schumacher,MSC,Mick Schumacher,Haas F1 Team,0.0,0,19,0,22,0.0,0.0
2021,kubica,KUB,Robert Kubica,Alfa Romeo,0.0,0,20,0,22,0.0,0.0
2021,mazepin,MAZ,Nikita Mazepin,Haas F1 Team,0.0,0,21,0,22,0.0,0.0
2022,max_verstappen,VER,Max Verstappen,Red Bull,454.0,15,1,1,22,0.6818181818181818,20.636363636363637
2022,leclerc,LEC,Charles Leclerc,Ferrari,308.0,3,2,0,22,0.13636363636363635,14.0
2022,perez,PER,Sergio Pérez,Red Bull,305.0,2,3,0,22,0.09090909090909091,13.863636363636363
2022,russell,RUS,George Russell,Mercedes,275.0,1,4,0,22,0.045454545454545456,12.5
2022,sainz,SAI,Carlos Sainz,Ferrari,246.0,1,5,0,22,0.045454545454545456,11.181818181818182
2022,hamilton,HAM,Lewis Hamilton,Mercedes,240.0,0,6,0,22,0.0,10.909090909090908
2022,norris,NOR,Lando Norris,McLaren,122.0,0,7,0,22,0.0,5.545454545454546
2022,ocon,OCO,Esteban Ocon,Alpine F1 Team,92.0,0,8,0,22,0.0,4.181818181818182
2022,alonso,ALO,Fernando Alonso,Alpine F1 Team,81.0,0,9,0,22,0.0,3.6818181818181817
2022,bottas,BOT,Valtteri Bottas,Alfa Romeo,49.0,0,10,0,22,0.0,2.227272727272727
2022,ricciardo,RIC,Daniel Ricciardo,McLaren,37.0,0,11,0,22,0.0,1.6818181818181819
2022,vettel,VET,Sebastian Vettel,Aston Martin,37.0,0,12,0,22,0.0,1.6818181818181819
2022,kevin_magnussen,MAG,Kevin Magnussen,Haas F1 Team,25.0,0,13,0,22,0.0,1.1363636363636365
2022,gasly,GAS,Pierre Gasly,AlphaTauri,23.0,0,14,0,22,0.0,1.0454545454545454
2022,stroll,STR,Lance Stroll,Aston Martin,18.0,0,15,0,22,0.0,0.8181818181818182
2022,mick_schumacher,MSC,Mick Schumacher,Haas F1 Team,12.0,0,16,0,22,0.0,0.5454545454545454
2022,tsunoda,TSU,Yuki Tsunoda,AlphaTauri,12.0,0,17,0,22,0.0,0.5454545454545454
2022,zhou,ZHO,Guanyu Zhou,Alfa Romeo,6.0,0,18,0,22,0.0,0.2727272727272727
2022,albon,ALB,Alexander Albon,Williams,4.0,0,19,0,22,0.0,0.18181818181818182
2022,latifi,LAT,Nicholas Latifi,Williams,2.0,0,20,0,22,0.0,0.09090909090909091
2022,de_vries,DEV,Nyck de Vries,Williams,2.0,0,21,0,22,0.0,0.09090909090909091
2022,hulkenberg,HUL,Nico Hülkenberg,Aston Martin,0.0,0,22,0,22,0.0,0.0
2023,max_verstappen,VER,Max Verstappen,Red Bull,575.0,19,1,1,22,0.8636363636363636,26.136363636363637
2023,perez,PER,Sergio Pérez,Red Bull,285.0,2,2,0,22,0.09090909090909091,12.954545454545455
2023,hamilton,HAM,Lewis Hamilton,Mercedes,234.0,0,3,0,22,0.0,10.636363636363637
2023,alonso,ALO,Fernando Alonso,Aston Martin,206.0,0,4,0,22,0.0,9.363636363636363
2023,leclerc,LEC,Charles Leclerc,Ferrari,206.0,0,5,0,22,0.0,9.363636363636363
2023,norris,NOR,Lando Norris,McLaren,205.0,0,6,0,22,0.0,9.318181818181818
2023,sainz,SAI,Carlos Sainz,Ferrari,200.0,1,7,0,22,0.045454545454545456,9.090909090909092
2023,russell,RUS,George Russell,Mercedes,175.0,0,8,0,22,0.0,7.954545454545454
2023,piastri,PIA,Oscar Piastri,McLaren,97.0,0,9,0,22,0.0,4.409090909090909
2023,stroll,STR,Lance Stroll,Aston Martin,74.0,0,10,0,22,0.0,3.3636363636363638
2023,gasly,GAS,Pierre Gasly,Alpine F1 Team,62.0,0,11,0,22,0.0,2.8181818181818183
2023,ocon,OCO,Esteban Ocon,Alpine F1 Team,58.0,0,12,0,22,0.0,2.6363636363636362
2023,albon,ALB,Alexander Albon,Williams,27.0,0,13,0,22,0.0,1.2272727272727273
2023,tsunoda,TSU,Yuki Tsunoda,AlphaTauri,17.0,0,14,0,22,0.0,0.7727272727272727
2023,bottas,BOT,Valtteri Bottas,Alfa Romeo,10.0,0,15,0,22,0.0,0.45454545454545453
2023,hulkenberg,HUL,Nico Hülkenberg,Haas F1 Team,9.0,0,16,0,22,0.0,0.4090909090909091
2023,ricciardo,RIC,Daniel Ricciardo,AlphaTauri,6.0,0,17,0,22,0.0,0.2727272727272727
2023,zhou,ZHO,Guanyu Zhou,Alfa Romeo,6.0,0,18,0,22,0.0,0.2727272727272727
2023,kevin_magnussen,MAG,Kevin Magnussen,Haas F1 Team,3.0,0,19,0,22,0.0,0.13636363636363635
2023,lawson,LAW,Liam Lawson,AlphaTauri,2.0,0,20,0,22,0.0,0.09090909090909091
2023,sargeant,SAR,Logan Sargeant,Williams,1.0,0,21,0,22,0.0,0.045454545454545456
2023,de_vries,DEV,Nyck de Vries,AlphaTauri,0.0,0,22,0,22,0.0,0.0
2024,max_verstappen,VER,Max Verstappen,Red Bull,437.0,9,1,1,24,0.375,18.208333333333332
2024,norris,NOR,Lando Norris,McLaren,374.0,4,2,0,24,0.16666666666666666,15.583333333333334
2024,leclerc,LEC,Charles Leclerc,Ferrari,356.0,3,3,0,24,0.125,14.833333333333334
2024,piastri,PIA,Oscar Piastri,McLaren,292.0,2,4,0,24,0.08333333333333333,12.166666666666666
2024,sainz,SAI,Carlos Sainz,Ferrari,290.0,2,5,0,24,0.08333333333333333,12.083333333333334
2024,russell,RUS,George Russell,Mercedes,245.0,2,6,0,24,0.08333333333333333,10.208333333333334
2024,hamilton,HAM,Lewis Hamilton,Mercedes,223.0,2,7,0,24,0.08333333333333333,9.291666666666666
2024,perez,PER,Sergio Pérez,Red Bull,152.0,0,8,0,24,0.0,6.333333333333333
2024,alonso,ALO,Fernando Alonso,Aston Martin,70.0,0,9,0,24,0.0,2.9166666666666665
2024,gasly,GAS,Pierre Gasly,Alpine F1 Team,42.0,0,10,0,24,0.0,1.75
2024,hulkenberg,HUL,Nico Hülkenberg,Haas F1 Team,41.0,0,11,0,24,0.0,1.7083333333333333
2024,tsunoda,TSU,Yuki Tsunoda,RB F1 Team,30.0,0,12,0,24,0.0,1.25
2024,stroll,STR,Lance Stroll,Aston Martin,24.0,0,13,0,24,0.0,1.0
2024,ocon,OCO,Esteban Ocon,Alpine F1 Team,23.0,0,14,0,24,0.0,0.9583333333333334
2024,kevin_magnussen,MAG,Kevin Magnussen,Haas F1 Team,16.0,0,15,0,24,0.0,0.6666666666666666
2024,albon,ALB,Alexander Albon,Williams,12.0,0,16,0,24,0.0,0.5
2024,ricciardo,RIC,Daniel Ricciardo,RB F1 Team,12.0,0,17,0,24,0.0,0.5
2024,bearman,BEA,Oliver Bearman,Ferrari,7.0,0,18,0,24,0.0,0.2916666666666667
2024,colapinto,COL,Franco Colapinto,Williams,5.0,0,19,0,24,0.0,0.20833333333333334
2024,zhou,ZHO,Guanyu Zhou,Sauber,4.0,0,20,0,24,0.0,0.16666666666666666
2024,lawson,LAW,Liam Lawson,RB F1 Team,4.0,0,21,0,24,0.0,0.16666666666666666
2024,bottas,BOT,Valtteri Bottas,Sauber,0.0,0,22,0,24,0.0,0.0
2024,sargeant,SAR,Logan Sargeant,Williams,0.0,0,23,0,24,0.0,0.0
2024,doohan,DOO,Jack Doohan,Alpine F1 Team,0.0,0,24,0,24,0.0,0.0
2025,norris,NOR,Lando Norris,McLaren,423.0,7,1,1,24,0.2916666666666667,17.625
2025,max_verstappen,VER,Max Verstappen,Red Bull,421.0,8,2,0,24,0.3333333333333333,17.541666666666668
2025,piastri,PIA,Oscar Piastri,McLaren,410.0,7,3,0,24,0.2916666666666667,17.083333333333332
2025,russell,RUS,George Russell,Mercedes,319.0,2,4,0,24,0.08333333333333333,13.291666666666666
2025,leclerc,LEC,Charles Leclerc,Ferrari,242.0,0,5,0,24,0.0,10.083333333333334
2025,hamilton,HAM,Lewis Hamilton,Ferrari,156.0,0,6,0,24,0.0,6.5
2025,antonelli,ANT,Andrea Kimi Antonelli,Mercedes,150.0,0,7,0,24,0.0,6.25
2025,albon,ALB,Alexander Albon,Williams,73.0,0,8,0,24,0.0,3.0416666666666665
2025,sainz,SAI,Carlos Sainz,Williams,64.0,0,9,0,24,0.0,2.6666666666666665
2025,alonso,ALO,Fernando Alonso,Aston Martin,56.0,0,10,0,24,0.0,2.3333333333333335
2025,hulkenberg,HUL,Nico Hülkenberg,Sauber,51.0,0,11,0,24,0.0,2.125
2025,hadjar,HAD,Isack Hadjar,RB F1 Team,51.0,0,12,0,24,0.0,2.125
2025,bearman,BEA,Oliver Bearman,Haas F1 Team,41.0,0,13,0,24,0.0,1.7083333333333333
2025,lawson,LAW,Liam Lawson,Red Bull,38.0,0,14,0,24,0.0,1.5833333333333333
2025,ocon,OCO,Esteban Ocon,Haas F1 Team,38.0,0,15,0,24,0.0,1.5833333333333333
2025,stroll,STR,Lance Stroll,Aston Martin,33.0,0,16,0,24,0.0,1.375
2025,tsunoda,TSU,Yuki Tsunoda,RB F1 Team,33.0,0,17,0,24,0.0,1.375
2025,gasly,GAS,Pierre Gasly,Alpine F1 Team,22.0,0,18,0,24,0.0,0.9166666666666666
2025,bortoleto,BOR,Gabriel Bortoleto,Sauber,19.0,0,19,0,24,0.0,0.7916666666666666
2025,colapinto,COL,Franco Colapinto,Alpine F1 Team,0.0,0,20,0,24,0.0,0.0
2025,doohan,DOO,Jack Doohan,Alpine F1 Team,0.0,0,21,0,24,0.0,0.0
